Latitude,Longitude,TrafficCondition
18.774406751963664,73.99644013539059,heavy
18.85759468318621,73.70503184782805,heavy
18.80138168803582,73.93791309792861,heavy
18.77244159149845,74.05438519547053,heavy
18.711827399669453,73.72198771601205,normal
18.822947056533327,74.13976074151186,low
18.718793605631348,73.96004070831783,normal
18.94588650039104,73.71533052416287,high
18.981831380250515,73.81220680596043,low
18.69172075941289,74.17683784821367,low
18.895862519041334,73.99115986652603,low
18.764447459876454,73.75373628388441,high
18.784022280546967,73.84377225114028,normal
18.96279831914633,73.92835181293025,low
18.535518029098945,73.71047503463387,low
18.54356464985077,73.90580775680688,heavy
18.510109198720162,73.94472931771735,high
18.91630992277397,73.82183893764062,heavy
18.889078375474924,73.99431950014599,heavy
18.93500607412341,74.07662005979608,normal
18.989309171116382,73.81791711205283,heavy
18.899579282108363,74.01024995014,high
18.730739681126465,74.01981112148188,high
18.89026458814323,74.17427015056442,low
18.559137212934466,74.08913808364822,normal
18.819960510663762,74.124172634895,low
18.571676643704524,73.94520995421814,heavy
18.97233445852479,73.7926742934897,low
18.760924160875035,74.19790764647982,high
18.70733096999526,73.76467788051936,high
18.632277806052315,73.93572865967714,heavy
18.88711684471711,73.73404654962106,low
18.728075166108276,74.17192542867541,high
18.784216974434326,74.18246247042423,high
18.509394900218176,74.059694531002,normal
18.808817748537937,73.87499642181508,low
18.80604786136121,73.82719120055881,low
18.80846699843738,73.83265166226853,normal
18.97187403925731,73.76364701271004,high
18.840910149551743,73.96290447653837,normal
18.679753950286894,73.77090863785074,normal
18.71851597689967,73.85836533327674,normal
18.848815597963632,74.01335323797956,high
18.530112735814633,74.06377180479538,heavy
18.833383357722834,73.71213635231103,heavy
18.83531893480908,73.91505799218837,heavy
18.60519128053692,74.02606229742108,normal
18.564463148827425,74.12662298807926,heavy
18.657714175462093,73.93766239110604,low
18.681855385471312,74.18460293585885,heavy
18.78509838520894,73.83281627377073,high
18.719300756731162,73.70675435331336,normal
18.994186919029612,73.94187643235087,normal
18.551022405374013,73.82805689751001,heavy
18.604438378047416,74.11185883601159,normal
18.580654758942497,73.81638633609056,normal
18.826554162732698,73.85531460914565,normal
18.62664580126989,74.09561371550956,normal
18.73315538642815,74.05757162601269,low
18.622212796000802,73.97902561832863,high
18.57948479182276,74.05247403096138,low
18.555187570582152,73.90931843178501,heavy
18.828164794732636,73.70265502380734,heavy
18.569091475674306,73.70567756425609,normal
18.598291180840025,73.95561089378684,normal
18.684362585330483,73.74164548985951,heavy
18.910496614923968,73.72553774008463,normal
18.54855063789653,74.18275831956873,low
18.9189724537494,74.12950131982903,normal
18.54804920394698,73.77601361360479,low
18.9882297325067,73.7003321092951,high
18.73432560082385,74.17083389769488,low
18.98838054409517,73.83916264916006,heavy
18.802422759872524,73.79294880142776,heavy
18.869631789699152,74.04575405391577,heavy
18.51959389612716,73.75445186942066,low
18.641403481288204,73.8323247990014,high
18.560098280606585,74.18754734010602,heavy
18.64807009876107,74.019731387237,normal
18.559363859477124,73.96033889574127,low
18.65899158969699,73.89895930741747,high
18.707131497257336,74.0872504774421,low
18.53207374817439,73.77047873826184,low
18.84623605968501,74.18366890101849,high
18.78330072710329,74.1305615040329,low
18.632694745469724,74.00882849128462,heavy
18.76162402673335,73.72145309520128,high
18.54697025537922,74.05042782472387,low
18.78797324777809,74.15664217044274,normal
18.964648098788107,73.96228853373931,high
18.65928447622566,73.87711241091364,normal
18.833705189981842,73.76013867248973,low
18.565898931202195,74.07745055206878,normal
18.85816360205928,74.1425109256059,high
18.6447030464736,73.75012587203793,low
18.591595681003557,74.07949227737618,high
18.79325646740504,73.70853024312954,low
18.510053773093748,74.18352745903861,heavy
18.914470014608682,74.00752901031755,heavy
18.502347738096272,73.97621952949582,heavy
18.838908268398114,73.84797491679447,normal
18.635003986596082,74.1646458357849,normal
18.867597011061296,73.8329528136684,heavy
18.981094272558718,74.11407330660835,high
18.624376571759978,74.19255433966858,high
18.788078667208918,74.09169832275741,low
18.79602096563592,73.95949496019323,high
18.786125952895436,73.73303713192584,high
18.61154081632031,73.93620689458554,normal
18.976374505758493,73.91912797348586,high
18.723562689308814,73.8013980205935,high
18.923204336235564,73.91179381835715,low
18.849739637658754,73.87887894204017,heavy
18.648718475427568,73.78184213057582,heavy
18.90689890985124,73.92068707166625,normal
18.69825287042349,73.83139997816225,normal
18.94055159855558,73.96103121034113,low
18.79063643631793,73.7175800298581,normal
18.940867680927425,74.15311570989364,low
18.84626579503888,74.10818215275994,heavy
18.86262713990982,73.97629066625525,heavy
18.75066219096335,74.12590429137862,low
18.97804181736161,74.1811975369054,heavy
18.821995099614817,73.75526114702633,high
18.71192752427909,74.0154159042049,high
18.803196607063963,74.19899700046783,heavy
18.509596599154666,74.19394458466677,low
18.650787408337276,74.00166149614537,high
18.83008676874634,73.76401043522542,high
18.64503880360522,73.99159641549527,heavy
18.809007714499423,73.70103231778721,normal
18.714384350472884,73.79945566733343,normal
18.567737032111225,74.17806157977998,heavy
18.649141162978015,73.86522028630142,heavy
18.784982455350633,74.01919505288848,high
18.795436380624086,73.84042974731612,low
18.787162624424788,74.1739109435558,low
18.826600409928567,74.06427936497475,high
18.826051635000844,73.86482557879071,high
18.715709217716988,74.0958807105902,low
18.94827329792553,73.75408276223817,normal
18.683780935023947,73.89615947003273,normal
18.717932462632813,73.8106090638658,low
18.945961677507835,74.04186322363803,heavy
18.903096994523043,73.75122314088597,heavy
18.851944291770184,73.89851291614134,high
18.55011344365615,73.8383248651046,normal
18.95974130687234,73.9531714596619,heavy
18.857120649774554,73.87494884025195,heavy
18.999423503283932,74.05320528883351,heavy
18.574724152328997,73.71228851215349,low
18.934063028684108,74.01699346065296,high
18.581246467338186,73.81528564484691,high
18.80777978214192,73.83435451437843,normal
18.56190999142472,74.10012780179177,heavy
18.924004114661116,74.17778419699022,high
18.903659479362506,73.85827510501355,low
18.784550369307297,74.11340263518454,low
18.703591648613,73.75199541898562,low
18.53458349772757,74.0169908265037,heavy
18.848714386572283,74.07551614976747,low
18.726771341339035,73.77798896401723,heavy
18.861027799735172,73.91300119383479,high
18.933191162964313,74.14635358212449,low
18.987760752501444,73.75178923172419,heavy
18.927901671196306,73.70904817910073,normal
18.5058570420925,73.99529268952396,high
18.67998903223918,73.91776577026548,high
18.86499528121203,74.09934462444195,heavy
18.58581483863072,74.16172776910206,heavy
18.760518303102064,73.84957682227191,high
18.527168994169628,73.89420205858455,heavy
18.5999982624482,73.94313604316466,low
18.509260897230305,73.99407573021766,heavy
18.896848851678712,74.1919269148408,high
18.61196234403019,74.04866512541503,low
18.67267584034845,73.8947742536728,heavy
18.964040646732794,73.83188384322523,low
18.852207200961768,74.17231285921106,heavy
18.515919464765656,73.76777421655426,high
18.582347078248958,74.06013292625238,high
18.810739200749882,74.16269751264622,low
18.788614294302082,74.03233279326722,high
18.618946410687254,73.91152722008306,high
18.967106998962397,73.79949546996275,low
18.806982977982948,73.88373766112596,low
18.76781640151248,74.05343590471007,high
18.794954988177285,74.02476711208764,low
18.865061014758385,74.16398808329919,low
18.6559724977398,74.13343045682969,heavy
18.699110531108047,74.10807537613319,normal
18.604921874487562,74.15572543767539,high
18.593096502940167,73.83816857636853,high
18.972186194991966,73.88476177006983,heavy
18.869775397524645,73.88994695189301,high
18.745229404308784,73.9802252943549,high
18.613707313986662,74.03410911477138,high
18.627178240885197,73.8433583415202,low
18.529014580161938,73.70973123365465,high
18.71720831277906,73.89961119182895,high
18.65589794099705,73.8542639797772,normal
18.84817174440773,74.17109235950903,heavy
18.68887591964624,74.14413252027202,heavy
18.589801838779817,74.13015533917171,low
18.512339364195665,74.02649988047263,high
18.533624815731624,73.87214458234948,high
18.839696386749285,73.97442463369966,high
18.72684842227802,74.10761252035819,high
18.76828960555436,73.7493051843614,low
18.94833564652017,74.10053744012765,normal
18.99516947369835,73.72058989566406,heavy
18.608448492199237,74.10821051560718,normal
18.83153910155005,74.10378190207994,high
18.631661188368575,73.72550365441438,normal
18.510325499732865,74.01358035573094,normal
18.87918932691807,73.95122653715646,heavy
18.660008575411233,73.78490975158586,normal
18.691731947085948,73.77418946883869,normal
18.794158556776804,74.08662956303351,normal
18.915524227618096,73.98384637441842,low
18.814490921795574,74.19149956745827,low
18.936325327723697,74.19112388864417,low
18.636771017407817,74.19633349673214,normal
18.899023416956283,73.75930775918289,low
18.592817972152975,74.16912806848198,normal
18.976395828485973,73.82228480451029,normal
18.84374413819391,73.92910612987932,low
18.60775383855678,74.07870327791086,high
18.97368529524446,73.80181046603862,normal
18.86542790338508,73.98315580277716,normal
18.626970821297512,73.792908374113,heavy
18.60665598868374,73.75236805334065,low
18.75910035696533,73.7582793062148,heavy
18.512831359027267,73.8788195174241,normal
18.603735037720554,73.70232741841859,heavy
18.712342734375753,73.91242696060085,normal
18.68708499016711,74.03209855254057,heavy
18.731787712182406,73.900844092502,normal
18.638814353147367,73.74289730025993,low
18.793392173229083,73.73134443101182,heavy
18.931927802961617,73.83905825638243,heavy
18.558765927981018,73.7846563452718,high
18.758689553577057,74.18254748660898,high
18.566034053172576,73.77561511248705,low
18.858429840596298,74.1027312187025,normal
18.698029851403646,73.99305397087058,high
18.782710655929254,73.98464345999216,low
18.591639918107038,73.9560403579619,low
18.57242387967169,74.18588153805698,normal
18.744028140324478,73.88192238754583,normal
18.677806368924976,74.09395787547695,heavy
18.970215972626406,73.97764705373348,heavy
18.882662626903482,73.89781683381287,low
18.874331809925273,74.1777329666529,low
18.951859869872965,73.99915798468234,low
18.54171121772101,73.759458471073,heavy
18.7760962349612,73.90876960049843,high
18.792238034477883,74.09079086384081,normal
18.980968189273614,74.04687351161961,low
18.646073763396274,74.15817016491829,heavy
18.620414389957723,73.82968869207076,heavy
18.550146971132747,74.07909685817691,normal
18.508214814795735,73.92993760369727,high
18.964764658396096,73.98680487348341,low
18.834958273295456,74.17752334050314,normal
18.892576456011568,74.18964315999459,heavy
18.640865052876975,74.13079548196278,high
18.793205083093163,73.87954854386516,low
18.53197763306049,74.14385041786366,heavy
18.74281379796731,74.0193045888207,heavy
18.988747569872224,73.91499839023535,normal
18.938252622658297,73.71787134125024,heavy
18.669079475918423,74.0850640620958,low
18.98078507727075,73.95105279036206,heavy
18.615850813235603,74.09309424973253,normal
18.974659411207842,74.07401139967163,normal
18.97068885235325,74.09678368402417,high
18.899601293676195,73.8503255793484,high
18.815223968433397,74.10039929953382,heavy
18.937143983312474,73.97442316423309,heavy
18.6465101422539,73.93666310022458,heavy
18.92447177765646,74.03756295691038,high
18.80893834595876,73.71067934146917,high
18.50661842887945,73.7511584079438,heavy
18.67361675896611,73.84608868258377,high
18.574070430474084,74.19149505497893,normal
18.990914694909126,73.76987288943248,high
18.739185153519994,73.8652981503796,normal
18.748695682749332,73.72552653234597,heavy
18.819736258199363,73.86563444014637,normal
18.684292303064808,73.86016314325542,low
18.5684501358428,74.17340358547226,heavy
18.911058866597124,74.12257704349787,normal
18.59492395595138,73.89138210962139,normal
18.755659491273228,73.71238452901963,high
18.61215851448737,74.11551555699769,normal
18.548922242247016,74.03026808857227,high
18.931095758710843,73.77618224182565,normal
18.986459744511563,74.1980356355051,normal
18.9804173290315,73.75011671871206,high
18.95327774961059,74.13355727079683,low
18.887023666349318,73.84713308206484,normal
18.66657257601432,73.91767673316258,normal
18.540550694994,74.09772826338816,heavy
18.703620585706904,74.038754177997,high
18.616117071085473,74.16893218722203,high
18.566243817378993,74.01057016273019,low
18.52671359089341,73.74890508073953,heavy
18.86279718210529,74.14218018162097,low
18.505713729312514,74.0845777624943,low
18.885290374251387,74.05593522544666,normal
18.57347332270019,73.72686677367687,normal
18.539761041293378,73.89811137233087,high
18.544801517119303,73.78371790972977,heavy
18.836023903676956,74.11095195420394,high
18.622683604926422,74.05026431140894,heavy
18.71026973334005,74.14153879865957,high
18.77868439566196,74.18328755346208,low
18.930275586914398,74.08737380709626,low
18.863522131355666,74.19711654161038,low
18.635163952619358,74.00738494307215,normal
18.565741399645564,73.71856480194573,heavy
18.5276871602106,73.70712575757516,heavy
18.65079931724047,73.87105193760189,normal
18.631059074619838,74.11173585953377,heavy
18.72807028340024,74.13306735316237,high
18.84164066777384,74.18040626441135,low
18.84781272281943,73.73256073427441,normal
18.641759423291084,73.72228555549384,low
18.68996347795006,74.15664179818351,heavy
18.590575480868452,73.85252334918144,normal
18.89427275615326,73.97899370030481,heavy
18.52842403821662,74.19122244150036,low
18.848498620862493,73.90022426736796,heavy
18.889347697970553,74.03293569915492,normal
18.888703780924377,73.90043978181599,heavy
18.62971128217268,74.0840973322314,normal
18.68690656896628,73.96385736278644,normal
18.793799817598195,73.81876156899318,normal
18.636410951212234,73.83565305062923,high
18.685426399608943,73.8290296062692,heavy
18.59852714009282,73.96616016412928,heavy
18.729927941878003,74.05159450800784,low
18.522306150627056,74.17463995002157,normal
18.89989794228531,74.04704368754149,normal
18.538478223493318,74.0905964219812,low
18.759417574415764,73.78446305793229,heavy
18.653405049772598,73.88703131250367,heavy
18.78877147441569,73.90689010992914,heavy
18.979716670416714,74.04319011500024,normal
18.822785122228,73.84794598818844,normal
18.517681217877744,73.85164596070983,low
18.715201219754032,73.87794457732043,high
18.755008426159126,74.10515104077162,high
18.768088747351726,73.98879504502167,normal
18.840696255301918,73.73763863991637,heavy
18.638798048865883,73.73912304984523,heavy
18.56443028273316,73.88564347214125,high
18.696337838273546,74.08329552530309,heavy
18.978202861397975,74.04434171323935,high
18.593565445875424,74.0539911773256,normal
18.951991977464118,74.08360503302706,normal
18.771902975038664,73.84357635644317,heavy
18.72845571082288,73.97412814097105,heavy
18.941020705114944,73.9716763201584,high
18.729301980884294,74.06981625058998,heavy
18.86208381830577,74.17843528455282,normal
18.69951266085155,73.83899497239774,heavy
18.95202219645048,74.09664083637853,heavy
18.845012510095614,74.02998527426163,heavy
18.84981102712526,73.99011893543174,normal
18.663860200778558,74.0874398896737,heavy
18.878389321368445,74.17201623321405,high
18.81803052772357,73.7183457089347,low
18.620010136689856,73.77370005125661,high
18.58026941124263,74.07814361575056,high
18.898195737258664,73.74189567645504,high
18.97958330151761,73.95806185037056,normal
18.72906941363002,73.80993038832081,high
18.79549208266184,73.83714785192137,heavy
18.92886132209678,74.05092024147221,normal
18.728611726676927,73.71509638663436,low
18.975937238416368,74.13665971395095,high
18.787875581022437,73.92223947767614,low
18.910383560350656,73.95119664695355,heavy
18.95442185920637,73.97002398184685,heavy
18.907761909384284,74.02277214728974,high
18.579707231724477,73.87242829331137,heavy
18.81444921953085,73.75055374528175,heavy
18.69921712930984,73.85918946833308,heavy
18.531356476011673,73.78407105901141,normal
18.71201612594492,73.97806658972524,low
18.629342033444704,73.8590143154802,high
18.924519154214256,74.17903358899672,low
18.516652313273347,74.18286713899015,normal
18.979491360931735,74.01006294028413,heavy
18.677684424235967,74.00874863383365,heavy
18.67835344520127,74.19268928228355,normal
18.508164251341853,74.1436415756176,heavy
18.592616162618093,74.08253497457908,high
18.700629750401806,73.85679530587136,high
18.964645708651357,73.88276951405904,low
18.549807465110636,73.80063338288043,normal
18.97265076673954,73.94357406345868,normal
18.934744265273316,74.1951842610698,high
18.727081198453774,74.15607547650579,heavy
18.66335044088413,73.75917471700974,normal
18.616372064639528,73.71259514464525,normal
18.807232353238437,74.14931883420414,heavy
18.516537295737752,73.96858506397436,normal
18.507803032223414,73.80009494410423,heavy
18.714397861249118,74.03682663479232,low
18.53403703698736,74.02211158896492,low
18.625970494123045,73.76104280341823,heavy
18.61058045767304,73.82980011674881,low
18.626595596861424,73.73003898215663,heavy
18.56552761560763,73.80493023693508,heavy
18.506018111448828,73.76615283742653,normal
18.557742148569375,73.79661814623728,heavy
18.809240129756375,74.04273357295656,heavy
18.987128106409024,73.72474987213053,heavy
18.99517250078045,73.75092730762411,heavy
18.70452704768653,73.76708681903915,heavy
18.5814772130233,73.85827056047907,high
18.819380878683265,73.84937515542597,high
18.74515267327437,73.82753189265833,high
18.994704888642215,74.07526832671621,low
18.53265210357589,74.19901139387905,normal
18.891617219156906,73.9669889618144,low
18.644199248665746,74.17210135895698,low
18.620709310038286,73.89830505606304,high
18.83125228576634,73.75334122340136,high
18.623031592495483,73.90438691473493,normal
18.832929558779593,73.84806388670735,heavy
18.758654258601144,73.9467034811446,low
18.712044494217924,74.02852183845822,normal
18.77734390433071,73.93052510957621,heavy
18.643525759959815,74.16758025603892,low
18.85328735313649,74.1423824111497,normal
18.70742843466678,74.0509887975831,low
18.680272780242944,73.94484245618227,normal
18.91432845727787,73.76584364090724,low
18.962483455976596,73.89850683338882,heavy
18.52300365544365,74.05220076970059,low
18.616313496414882,73.84244276027687,high
18.674259684746282,73.75199403877171,low
18.907483239685124,74.15394922875532,heavy
18.992745713821648,74.05452540490778,high
18.984485852335176,74.00763821331755,heavy
18.952474172774963,74.09624945280446,heavy
18.648278132532013,74.11782301879174,normal
18.996005621707237,73.94172949908551,heavy
18.624710020528227,74.14059412570472,heavy
18.552953077441117,74.15820950535056,heavy
18.975476305527696,73.83577554771239,high
18.61671012773405,74.0037726798954,low
18.844884132538876,73.96329201441024,high
18.529178179490295,73.96897288957595,heavy
18.865354549563737,74.16883154698229,heavy
18.94086010616692,73.85259435134651,heavy
18.636218447732983,74.1917169891173,high
18.689528448038715,74.15106560740212,heavy
18.687148091660458,73.92936144430675,normal
18.874394128770067,74.10872663180909,high
18.61890362126952,74.08452349716008,normal
18.585926549523823,74.03894748480927,normal
18.72464582434387,73.85991694469158,high
18.65223420368866,73.79822549591049,heavy
18.919594561129326,74.03576384838289,low
18.618870913007818,74.12148664820054,heavy
18.75119472874463,73.70812639433869,normal
18.971291799848967,74.02140168765426,high
18.81699884887233,73.9214365123111,normal
18.933644702731232,74.1490438775635,high
18.970104844677383,73.86073646542711,heavy
18.875382430943176,73.93709240613181,heavy
18.849787530112376,73.95738355201759,high
18.983982783302114,73.77021976068553,heavy
18.99720039482384,74.05644615134946,heavy
18.72591084133488,74.11523817256048,low
18.535434889092105,73.72895463844813,high
18.64639701572026,73.84569441026845,normal
18.576177352843864,73.71902234076754,heavy
18.708743187398007,74.17827205234413,normal
18.56564466423663,74.03358441035192,low
18.80205890201044,74.1821002097274,heavy
18.691404029578926,73.96574713916566,normal
18.947692942144105,74.10103426194782,low
18.98389733589925,73.88720699193988,high
18.77344245083471,73.87690951628632,high
18.6374117849338,73.88913390855257,high
18.79611520938092,74.02893106686322,low
18.948380579112204,73.87972657551083,heavy
18.703366672917873,74.15018372580212,normal
18.776039138345986,74.19163743252508,normal
18.635826383803074,73.71521325766851,high
18.727722074725012,73.79681164520125,normal
18.7008567676898,73.75612499629369,low
18.624206732541484,73.72118202354572,heavy
18.752933191912653,73.81387049667364,heavy
18.655190412989906,73.92339666018454,low
18.686517431940374,74.11849518264434,heavy
18.762485221127132,73.810912015255,low
18.875297511464495,73.9469726278311,low
18.66675373289564,74.16480936972339,normal
18.962079383310382,74.03360735339334,low
18.93115927341795,74.099039509878,normal
18.524345147987763,73.97549698509275,heavy
18.626821262128413,74.19023322942031,high
18.723067756329602,73.99433107734075,heavy
18.552313944371235,73.7227553569813,normal
18.674237994516748,73.7989913999699,low
18.870048762808842,73.90238681447858,heavy
18.840257240571415,74.0006385862869,normal
18.811192214283004,74.08596543370449,heavy
18.855264201361173,73.90654306295194,high
18.60246184347985,74.05502915250784,high
18.670849057432367,74.09493475155456,heavy
18.838121241138733,73.858630098625,high
18.939617381515664,74.18963512001791,normal
18.771839026914048,74.02482824761792,low
18.64134982547277,74.14049903039307,low
18.51511762900299,73.9779688444043,heavy
18.855168414487107,74.07080155357616,heavy
18.50394205175422,74.08527203080818,normal
18.6863395349105,74.15412418961729,low
18.765268607281392,73.77517487843569,low
18.961055730883597,73.97914171208463,normal
18.54474727251645,73.91418925655293,high
18.70297116098414,74.16157951058688,low
18.51215659985508,73.7525473471245,heavy
18.671305492170795,74.19128694434046,high
18.811115529419897,74.13772566204665,low
18.6395339741143,73.73691314078212,high
18.60487497482782,73.94548319277024,high
18.557851616663548,74.05877975010627,low
18.78857012201017,74.06907577284554,low
18.847635002952345,74.15324706261896,normal
18.83597857029791,74.09993271779116,heavy
18.974430510360254,73.85546519017205,low
18.501351606946752,73.94921739293123,low
18.823598326947018,74.05089288146793,heavy
18.80019611854882,73.76921842068218,normal
18.794369804985145,73.7969953988001,high
18.981385159920123,73.94052122405493,heavy
18.50843583668502,73.84912289935276,normal
18.848241215350725,74.13127962489204,high
18.90683932485093,73.99313866076031,heavy
18.754903598310793,73.87433259885918,normal
18.666982434798406,74.12441651280221,low
18.895420081613704,74.10243922427712,low
18.54862146281621,74.19917743854964,high
18.72101781886496,74.12365384416687,low
18.759976187285417,73.90722826740284,high
18.846978205467273,73.763749440885,normal
18.545442866016206,74.12032045410024,low
18.61387975076893,73.7298789589802,high
18.70515078134506,73.87513560367243,heavy
18.811647336510067,74.15986899038565,normal
18.94348039060871,74.18038323672255,low
18.80941308412069,74.02028229676061,low
18.566730735467466,74.04432415849186,high
18.99029006639364,73.72122724436277,heavy
18.935892867377746,73.95724017054478,low
18.751360380572663,73.97343408940317,high
18.961173990898317,73.87005037306206,low
18.770690396878567,73.73429841737695,normal
18.961653033944582,73.81445379986219,low
18.91494868430167,73.8789919684306,high
18.98414320514715,73.91757099325817,high
18.95989140538908,73.99546336276678,high
18.518016908714284,74.06119575934912,heavy
18.58738600208047,73.85881593663697,heavy
18.69456733855059,73.8644768799595,normal
18.97607134864771,73.70984582136185,low
18.650014459737964,73.72043743004701,heavy
18.5802338219438,73.82891084715428,low
18.94315233304328,74.07012249883748,low
18.723197207741602,74.01415691518696,high
18.95393779717716,74.08489451033893,high
18.580115233160072,74.08445971810741,low
18.83055875575405,74.12828373383465,high
18.720131876414747,74.06015963299345,low
18.53824338451514,74.18950545950041,low
18.84823157232625,74.14941260965091,high
18.623699377769576,73.99335858311161,heavy
18.51980776128976,73.99407883524559,low
18.529972149124788,73.71713352017612,heavy
18.530539268533392,74.19926328885418,heavy
18.95386647874252,73.76578799868308,high
18.869941958914552,74.0701735983158,heavy
18.949031178606866,74.11050759756216,heavy
18.83629115564826,73.8865272646526,heavy
18.764469964515442,73.79842602733265,heavy
18.65222318217369,73.74937994339528,low
18.998981125664336,74.07430300291479,high
18.681094529469696,73.92632676460285,high
18.735324474606955,74.05685887950057,high
18.689122587461732,74.15770382442591,low
18.98976346466773,73.77329186807553,low
18.587329192697503,74.1595855003619,normal
18.66399400045404,73.90581322975422,low
18.8401743330075,73.85263350494864,low
18.531603809169315,74.17153113030139,heavy
18.80362468700577,74.1953258463032,low
18.73882325143821,73.79944610888373,normal
18.641999988381052,74.028419173476,normal
18.61920664046203,73.75324765688553,heavy
18.75725637164938,74.02545700192876,low
18.68396379026852,74.11365661388793,low
18.72825994563133,74.04224927326203,high
18.66873869088212,73.9086665710313,low
18.98524684679799,73.89153317978189,heavy
18.566719715872804,73.89656120761171,high
18.548401976589187,73.99485590899647,low
18.67169586439546,74.14078363503626,high
18.795513450435244,74.16453307863439,normal
18.829588235925016,73.72676481010366,heavy
18.69862837358402,73.79081119732285,normal
18.999638996961085,73.75611215791415,low
18.675946498096522,73.79666732038346,normal
18.860703333979977,73.8733039053046,normal
18.818791347265396,73.95326584131132,high
18.90652693162373,74.01473061350458,heavy
18.98811283172691,74.06607110956985,heavy
18.94489682822277,74.1450557706929,normal
18.882280987178856,74.1945442186149,low
18.849124238909145,74.03142823927857,low
18.66774908483795,74.12268225933389,normal
18.573842789103352,74.08901942346235,low
18.531318001529904,73.85376601960935,normal
18.62095085210074,74.13784613511747,heavy
18.71614074059065,73.7213815689739,low
18.76099813681499,73.70018367187573,high
18.886541777027436,73.83686631469423,normal
18.979370461528298,73.93104876481372,low
18.558660240192406,74.01918144750034,high
18.553502070096897,73.75088513327228,heavy
18.794847361506775,74.03650506691743,normal
18.872699036973646,74.10090793352985,low
18.924075190173493,73.79265645978968,heavy
18.967916040108395,73.9075626274159,normal
18.99171312113032,73.95999249497666,high
18.699900846112264,73.92590350904224,normal
18.690167591763785,74.09991496544424,heavy
18.573904338348637,74.18026119905967,high
18.84246721934178,74.09947658200409,high
18.82838097922042,73.73899640893792,heavy
18.931031297925603,74.10246778607957,low
18.54862899739382,73.73329816611778,high
18.74888845391267,73.81798519262078,high
18.790540964836033,73.77654844841787,low
18.62077852001996,73.79875955342304,high
18.58451270306458,73.96415756352867,low
18.929790418209812,74.03584492880543,heavy
18.52926746111778,73.93516064116803,heavy
18.735310451959037,74.17984781951462,low
18.55791700065044,73.82014616001509,high
18.728529380665684,74.0815701151274,normal
18.989981163171155,74.13509108925358,high
18.711853176727736,73.98103305537737,normal
18.928562458752285,73.92811125098078,high
18.558657782091597,73.99809222338962,heavy
18.63562603838093,73.91440488508017,low
18.701896370333667,73.97759694116169,high
18.699906070004666,73.9084669760644,low
18.835691739335076,73.90023485514708,normal
18.672359063687754,74.04767323406976,high
18.85688343420501,73.74642560653399,normal
18.819593449612697,73.78327103636441,high
18.699580572627386,74.1255992358575,low
18.71588006382716,74.0855386734076,low
18.807263849905162,73.8407268636472,high
18.535021095072324,73.88863446633289,normal
18.911203369177844,74.16301325331425,high
18.826710580556817,74.10903861258693,high
18.863171232208916,74.00717314998982,high
18.768461500541196,73.81074508940148,normal
18.555238555495873,73.72212598565764,heavy
18.702517806648476,73.91562892342095,high
18.702686791424277,74.03631356962873,heavy
18.66052149502161,74.11424024525893,low
18.514975162452373,74.12634450287113,high
18.86862712129824,73.71638795064669,high
18.55489222903125,73.82207851691844,low
18.80315406652254,73.8695472942387,heavy
18.85160874823361,73.7943661054797,high
18.817393161466846,74.10148768918192,normal
18.979571125988986,74.08373288154247,heavy
18.55164907754257,73.95841652019048,heavy
18.9335835795526,74.19146323899793,high
18.514595117424456,73.77202927054542,normal
18.76745842746354,74.14982585166383,heavy
18.70212180896963,73.75823162708096,high
18.762091930196878,73.78159085275706,heavy
18.682549938530006,74.04810960012531,high
18.595283457470035,73.75478484602085,high
18.509561448724345,73.98292254770936,normal
18.759074906895588,73.91011676823634,low
18.92138843134242,74.06423698277051,heavy
18.6866079778724,74.15033761940444,heavy
18.61143190900749,74.08493575733453,heavy
18.540266001735922,74.1248449382106,heavy
18.542655461559352,73.71647272426561,heavy
18.610698223146386,73.85509774912211,heavy
18.550007030460776,73.95771654334317,high
18.63251984918224,73.90797665731489,high
18.533074731058477,73.81562747648985,high
18.532802433604964,73.85393704898001,low
18.92813808981139,74.17271548519581,heavy
18.581060130354416,73.84709043993568,high
18.779841202911722,73.8769520550899,normal
18.886727772224514,73.70185488687501,heavy
18.728204782669533,74.12253881363894,heavy
18.57668443892967,73.7774203517008,low
18.599798071060057,73.80207213775687,normal
18.71649210314059,73.82763225854602,normal
18.764117044589266,74.14231102842243,low
18.674720146024267,73.80322570562316,low
18.89073980011733,74.09876318043398,high
18.8755108244282,74.10402467016145,low
18.96360590368656,74.1635102843932,heavy
18.51447627451348,73.75778065680016,normal
18.947845645605103,73.80863948616891,high
18.696284394231075,74.07144914604037,low
18.939186247689996,73.79800037714037,normal
18.845392388078263,73.84316477343673,low
18.993674378536983,73.78337079005568,high
18.879641225858332,73.78634834307752,heavy
18.682272312998393,73.9407766773141,normal
18.750531586417377,73.75484153105648,low
18.688194577597177,73.86084880923181,high
18.682455918010618,73.91329695479945,heavy
18.63045224969053,73.712274058262,low
18.747985147686734,73.89416658323722,heavy
18.84086997253468,73.74706121804276,heavy
18.63867013565262,73.94678926557309,high
18.76218990553861,74.11286909427855,normal
18.55869014708528,74.10921108109089,normal
18.579922643427096,73.7402242577687,low
18.523403177356094,74.00061387883726,normal
18.985365721385318,74.11729319098562,low
18.50193017575513,73.81898627146732,low
18.589289984028827,74.0809632557248,normal
18.806433376558495,74.14538217322504,low
18.540684799426653,74.10306207572023,heavy
18.940948251548416,73.75365051575776,low
18.859810078921143,73.70452999976119,normal
18.983194985718946,73.79586205496092,heavy
18.753817773620383,73.83523867047332,high
18.650201841579243,74.00809149530798,low
18.774750286397637,73.89213658762117,low
18.965409358648987,74.05170351533074,low
18.76038071862093,73.87653748026081,normal
18.63360351593116,73.7772127123273,heavy
18.93869939458706,73.85634492174302,high
18.68595937425623,74.14216211319457,normal
18.500691674999498,74.17926617212254,normal
18.623842511246156,73.80375636703369,normal
18.65911675458853,74.09423419351222,high
18.92938873411595,73.83667436826994,normal
18.729251583533223,74.1435657717157,normal
18.72229364390565,73.78277280639813,normal
18.668051133199945,74.03297995934703,high
18.940339061523538,73.7421056323566,high
18.972513388470194,74.18694666198694,high
18.995945164577314,74.05031667232028,high
18.688370633480492,74.12090786970255,normal
18.983073722813586,73.98333466968153,high
18.89593978481545,73.93840068196444,heavy
18.83784457382213,74.01094119569719,heavy
18.62244473971005,73.96437075584973,low
18.608228630472105,73.93469217757259,normal
18.58302391226062,74.07972512572883,low
18.96137830511268,73.78910047746963,high
18.647038331191585,73.78558602407759,low
18.72654712272444,73.91592132532486,normal
18.746978916993612,73.86037395802248,normal
18.889085797725127,73.73706225895651,heavy
18.922117480776514,74.12223524620937,normal
18.569536350574307,74.08580140334718,low
18.713452180105538,73.9719607499015,normal
18.92142744391773,74.18966226863219,normal
18.90901665287792,73.7363000332738,low
18.551206879226207,74.08333465051395,high
18.57819167443398,73.83318519580455,normal
18.652099345799705,73.88429945997179,high
18.53767953454167,73.80963969260154,high
18.712331501420298,74.09451894573094,normal
18.55380885257479,73.77212005101079,low
18.78410879683492,74.12000834886764,high
18.62327846990558,74.03078882411492,heavy
18.79821653267481,73.72951162263456,low
18.55876282145182,74.10549086580008,normal
18.987941934209267,74.01387785808149,normal
18.96628060192867,74.15249115978918,normal
18.695898469282334,74.07436115320432,normal
18.621089297063044,73.9805604637149,normal
18.625199106426788,74.1182735903096,heavy
18.741696767601194,73.83902511915062,normal
18.519996400950358,73.97347503092229,low
18.819852553037563,73.84680840990171,normal
18.70415145416987,74.18410219554525,heavy
18.688703286294444,73.81309815042101,high
18.904682485744598,73.70786911983524,high
18.854517730091644,73.8629274210019,normal
18.977166907696347,73.9512546984849,heavy
18.675968120247845,73.71418146711504,low
18.948771382324704,73.97962415001696,normal
18.884983593125046,74.13714138747562,normal
18.678712325797356,74.05236609720833,normal
18.810832718226628,74.01148416148915,normal
18.644284978825848,74.17798087535412,low
18.93719995853742,74.17913966692106,heavy
18.556213658606154,74.11213323485161,heavy
18.606217180647022,74.00387092369293,high
18.59151664603996,73.94388227974886,high
18.701513001202144,73.70665805662324,high
18.872616480016063,74.00313095311327,high
18.76345372452609,74.19454403767843,high
18.743838161769105,74.10905052501202,high
18.500272982448497,73.87030232194218,low
18.712700862677526,73.77602351252222,normal
18.53177688741808,74.09202930723357,low
18.604126626060744,74.07196891031587,low
18.966196969480247,74.18352339598967,low
18.60769910217162,74.13742118096967,heavy
18.92916881931713,73.97783131263621,low
18.901446685780666,73.75064212348238,heavy
18.57957311847112,73.94175032919199,low
18.80285597863514,73.85684752701115,low
18.557830935952506,73.95620424101243,heavy
18.863944079184755,73.85085078731983,normal
18.818731138686104,74.1309114959878,low
18.90596928084551,74.12216350699141,low
18.739692274694594,73.85773257858354,high
18.95743154391669,73.999790673187,high
18.52467447339422,73.91509042881952,normal
18.646444282513507,74.15454637851428,heavy
18.857526298732584,73.79368045071317,low
18.709054605874,74.04886420089248,high
18.586475677135578,74.18518766391861,low
18.553605372714273,73.78763775978155,high
18.90866955573081,73.80098321421211,heavy
18.736571489232823,74.04686166933611,heavy
18.941141835959552,74.08957696226246,high
18.866644567158364,73.94527452739698,high
18.704863102815374,74.00484323257356,high
18.68675550707784,73.80634120440591,low
18.757819173325625,73.93830711428366,heavy
18.944529976594865,73.75603594043746,normal
18.868639289857082,73.86071096263784,high
18.50257648213451,73.84238985251548,high
18.847078925684563,73.9223126800512,normal
18.95975370345291,74.16506318112185,low
18.855227879752245,73.79063383107392,high
18.588502890783747,73.90069412331236,normal
18.74175906371373,74.00779860955483,low
18.57015800896171,74.173278543037,low
18.679497639169817,73.7665740957679,heavy
18.96855852097026,74.15893830849656,heavy
18.961652653779353,73.74052689431703,low
18.64141842608804,73.94037069858014,low
18.6698155220831,73.92729493361524,low
18.800106434065647,73.8048013644386,high
18.98159864763019,73.87372983405793,high
18.573900667032696,73.9270826341742,low
18.628458321843336,74.13260573145531,normal
18.936778413645385,74.17753207268679,low
18.74594611585417,73.95946283931859,high
18.949480546113517,74.13504989514722,normal
18.59275894876159,74.0040857928384,high
18.76633429373568,73.87454367099384,high
18.663134816324686,73.79709710380673,normal
18.658271279946238,73.90656738589138,low
18.7234384819731,73.96141214146192,low
18.716538724550634,73.72222169412979,high
18.678673439838978,73.77292058293543,normal
18.95748538515781,74.00009221199072,normal
18.865872092716447,73.81250079733859,high
18.863773495665765,74.11866318804066,normal
18.64495672479598,73.8634711248871,high
18.78885471215842,73.75241710362663,normal
18.889589716650917,73.74176529427766,low
18.897795184271608,74.16856151026589,high
18.672265230377157,73.75901015562094,heavy
18.885436378284325,73.77045488208103,normal
18.867946948403866,74.13133302896638,normal
18.57075324281095,73.82714406513867,heavy
18.93297273428324,74.03297570537721,normal
18.720660735090206,74.10836284351495,high
18.74320522444433,74.0035903200651,normal
18.724184589449,74.17874427172393,normal
18.783923000738753,74.05444144963042,normal
18.81058462368353,73.75637575495183,heavy
18.749089782881473,73.97920501327295,high
18.93339427162955,74.05909326304459,high
18.81386737809764,74.10097862018672,heavy
18.70071397465276,73.71316066764204,heavy
18.708345878454356,74.05943945763572,low
18.905419307564475,74.11284041050973,high
18.67409597137326,74.07341690546768,high
18.605727397891208,73.9561745728278,high
18.529691594002895,73.92901048154441,low
18.938013423960285,73.97470929164992,low
18.959273225595176,74.0523218494133,normal
18.560060091081738,74.16145714531625,heavy
18.667236870748056,74.00851760532056,heavy
18.58768603475762,74.14391715314174,high
18.55794923441294,74.05062842372287,normal
18.949933371500016,73.73416818871942,normal
18.528438629572676,73.95041409500081,normal
18.990242831734502,73.84324317415762,high
18.54822543034869,73.84258746406628,high
18.931735324596794,73.877963775608,low
18.78325305349458,73.85736638600024,heavy
18.683958743908935,73.98930499005856,low
18.671171188312577,74.04180075017678,normal
18.878682071618854,73.83437469353836,normal
18.657286647502143,73.7648813112842,heavy
18.82865945830857,73.72940436046723,high
18.75866304175804,73.98787642251528,low
18.742482822579035,73.79306508316651,heavy
18.95058108532458,73.70462399711185,normal
18.77732252931013,74.16387653966186,normal
18.91343080152435,73.96857020954162,heavy
18.862786767050746,73.74622409012349,low
18.5192786230295,74.12146055606375,high
18.886555026252708,74.19160136914506,normal
18.60843512504552,73.92430033100887,high
18.951574823425787,73.72124480411908,normal
18.521462095304415,73.75877297037803,high
18.66653601723716,73.89082687332272,normal
18.549866473617378,74.14276131872444,normal
18.737794558542422,73.77401933963888,heavy
18.910011217934876,74.11199504700134,normal
18.64909367983153,73.70748813010951,high
18.57546744865552,73.92869434939291,low
18.66513351784845,74.02219857047528,heavy
18.906940070960317,73.73018974101281,high
18.570191978899672,74.00738137530824,heavy
18.61368122453875,74.17220206073478,high
18.534425982246688,73.7801299600683,heavy
18.852855021994802,74.06480569151768,high
18.69761662176817,74.00454694897178,normal
18.65541998857166,73.79255819443962,heavy
18.859313195170575,73.70310170735469,normal
18.667988771170126,73.70464222525297,heavy
18.863885636607208,73.96604620458602,heavy
18.907599697657158,74.1713897047806,high
18.60883142172887,74.02214931373281,high
18.98690934842299,74.05714992314688,normal
18.581178973956334,73.94693274346027,heavy
18.64542045332837,73.99094447131729,low
18.58989764541677,73.7631837626653,normal
18.67275282817817,74.13841031020031,heavy
18.740030443910378,74.0803963143334,heavy
18.76108793450106,74.1990994764223,heavy
18.926803021148135,73.84886147377782,normal
18.944723954407934,73.81350888589803,high
18.610051930390455,73.76258082898067,heavy
18.811447016092878,74.18210487830802,high
18.555748028649358,74.09044259231402,normal
18.729484930091033,73.78316230685982,high
18.66116676902331,73.97634323555411,normal
18.658250372726805,73.90688410403364,low
18.741292120856052,73.7757430039031,high
18.864913817764634,73.78103649251499,low
18.534591329396196,74.1817349973726,normal
18.939586668843702,73.85248209147886,low
18.86740688731528,74.17071964584197,high
18.58824969444453,73.73780533653255,low
18.969580454543685,73.93040152114659,high
18.753156112011695,73.76480952425838,low
18.99990428905848,73.70239369262059,high
18.598629737150368,73.97688303685304,normal
18.7674540991916,73.75694705240568,low
18.645124021279965,74.06101226546684,low
18.652086778694624,74.04905818785345,heavy
18.795532690416994,73.78816645373225,low
18.960859533435418,74.17087107163276,heavy
18.90263192778959,74.06052170421624,high
18.861970699250662,73.84898513207847,heavy
18.77958689105085,74.05461688197539,low
18.961149251833724,74.06596513884077,low
18.74618070334544,73.87111316562549,heavy
18.936916089167358,73.88779428123073,high
18.916990821938317,73.87955325382666,high
18.606917673400794,74.00830922177605,heavy
18.885612731482954,74.15020507327009,low
18.50608557847163,73.7865966181143,low
18.661414768774044,74.13759980491817,high
18.614783722345976,73.71382657825268,low
18.753431479243655,74.03016929798912,low
18.868426580840392,73.90721943659484,heavy
18.548838183723863,74.09564077611626,heavy
18.757461100968385,74.06059905646545,normal
18.96920601084719,73.94005390357259,heavy
18.614323275491472,74.0219320183613,normal
18.838570572055712,73.95088656534998,heavy
